<?xml version="1.0" encoding="UTF-8"?>
<project-private xmlns="http://www.netbeans.org/ns/project-private/1">
    <editor-bookmarks xmlns="http://www.netbeans.org/ns/editor-bookmarks/2" lastBookmarkId="0"/>
    <open-files xmlns="http://www.netbeans.org/ns/projectui-open-files/2">
        <group>
            <file>file:/C:/Users/brupo/OneDrive/Escriptori/Projecte/Java/P1-T6-CapaOracle-PotronyLopezBru/connectionBD.properties</file>
            <file>file:/C:/Users/brupo/OneDrive/Escriptori/Projecte/Java/P1-T6-CapaOracle-PotronyLopezBru/test/potrony/bru/ComprobarConnexio.java</file>
            <file>file:/C:/Users/brupo/OneDrive/Escriptori/Projecte/Java/P1-T6-CapaOracle-PotronyLopezBru/test/potrony/bru/ComprovarTemporades.java</file>
            <file>file:/C:/Users/brupo/OneDrive/Escriptori/Projecte/Java/P1-T6-CapaOracle-PotronyLopezBru/test/potrony/bru/ComprovarEquips.java</file>
            <file>file:/C:/Users/brupo/OneDrive/Escriptori/Projecte/Java/P1-T6-CapaOracle-PotronyLopezBru/test/potrony/bru/ComprovarUsuaris.java</file>
            <file>file:/C:/Users/brupo/OneDrive/Escriptori/Projecte/Java/P1-T6-CapaOracle-PotronyLopezBru/test/potrony/bru/ComprovarMembre.java</file>
            <file>file:/C:/Users/brupo/OneDrive/Escriptori/Projecte/Java/P1-T6-CapaOracle-PotronyLopezBru/src/potrony/bru/SportManagerOracle.java</file>
            <file>file:/C:/Users/brupo/OneDrive/Escriptori/Projecte/Java/P1-T6-CapaOracle-PotronyLopezBru/test/potrony/bru/ComprovarJugadors.java</file>
            <file>file:/C:/Users/brupo/OneDrive/Escriptori/Projecte/Java/P1-T6-CapaOracle-PotronyLopezBru/test/potrony/bru/ComprovarCategoria.java</file>
        </group>
    </open-files>
</project-private>
