<?xml version="1.0" encoding="UTF-8"?>
<project-private xmlns="http://www.netbeans.org/ns/project-private/1">
    <editor-bookmarks xmlns="http://www.netbeans.org/ns/editor-bookmarks/2" lastBookmarkId="0"/>
    <open-files xmlns="http://www.netbeans.org/ns/projectui-open-files/2">
        <group>
            <file>file:/C:/Users/brupo/OneDrive/Escriptori/Projecte/Java/P1-T6-Model-PotronyLopezBru/src/potrony/bru/SportManager/EnumSexe.java</file>
            <file>file:/C:/Users/brupo/OneDrive/Escriptori/Projecte/Java/P1-T6-Model-PotronyLopezBru/src/potrony/bru/SportManager/Jugador.java</file>
            <file>file:/C:/Users/brupo/OneDrive/Escriptori/Projecte/Java/P1-T6-Model-PotronyLopezBru/src/potrony/bru/SportManager/EnumTipus.java</file>
            <file>file:/C:/Users/brupo/OneDrive/Escriptori/Projecte/Java/P1-T6-Model-PotronyLopezBru/src/potrony/bru/SportManager/Equip.java</file>
            <file>file:/C:/Users/brupo/OneDrive/Escriptori/Projecte/Java/P1-T6-Model-PotronyLopezBru/src/potrony/bru/SportManager/Usuari.java</file>
            <file>file:/C:/Users/brupo/OneDrive/Escriptori/Projecte/Java/P1-T6-Model-PotronyLopezBru/src/potrony/bru/SportManager/EnumTitular.java</file>
            <file>file:/C:/Users/brupo/OneDrive/Escriptori/Projecte/Java/P1-T6-Model-PotronyLopezBru/src/potrony/bru/SportManager/Membre.java</file>
            <file>file:/C:/Users/brupo/OneDrive/Escriptori/Projecte/Java/P1-T6-Model-PotronyLopezBru/src/potrony/bru/SportManager/SportModelException.java</file>
            <file>file:/C:/Users/brupo/OneDrive/Escriptori/Projecte/Java/P1-T6-Model-PotronyLopezBru/src/potrony/bru/SportManager/Temporada.java</file>
            <file>file:/C:/Users/brupo/OneDrive/Escriptori/Projecte/Java/P1-T6-Model-PotronyLopezBru/src/potrony/bru/SportManager/Categoria.java</file>
        </group>
    </open-files>
</project-private>
